,0,1,cluster_2,cluster_4,cluster_6,cluster_8,cluster_10,cluster_12,cluster_14,cluster_16,cluster_18,cluster_20
0,1.0,1.0,0,0,4,1,1,1,10,2,1,1
1,1.0,2.0,0,0,4,1,1,1,10,2,1,1
2,1.0,3.0,0,0,4,1,1,1,10,2,1,1
3,1.0,4.0,0,0,4,1,1,1,10,2,4,1
4,1.0,5.0,0,0,4,1,1,1,10,2,4,1
5,1.0,6.0,0,0,4,1,1,1,10,2,1,1
6,1.0,7.0,0,0,4,1,1,1,10,2,4,1
7,1.0,8.0,0,0,4,1,1,1,10,2,1,1
8,1.0,9.0,0,0,4,1,1,1,10,2,1,1
9,1.0,10.0,0,0,4,1,1,1,10,2,4,1
10,1.0,11.0,0,0,0,2,6,11,6,5,9,12
11,1.0,12.0,0,0,4,1,1,1,10,2,1,1
12,1.0,13.0,0,0,4,1,1,1,10,2,1,1
13,1.0,14.0,0,0,4,1,1,1,10,2,1,1
14,1.0,15.0,0,0,4,1,1,1,10,2,1,1
15,1.0,16.0,0,0,4,1,1,1,10,2,1,1
16,1.0,17.0,0,0,4,1,1,1,10,2,1,1
17,1.0,18.0,0,0,4,1,1,1,10,2,4,1
18,1.0,19.0,0,0,4,1,1,1,10,2,1,1
19,1.0,20.0,0,0,4,1,1,1,10,2,1,1
20,1.0,21.0,0,1,0,2,6,11,6,5,9,12
21,1.0,22.0,0,0,4,1,1,1,10,2,1,1
22,1.0,23.0,0,0,4,1,1,1,10,2,1,1
23,1.0,24.0,0,0,4,1,1,1,10,2,4,1
24,1.0,25.0,0,0,4,1,1,1,10,2,1,1
25,1.0,26.0,0,0,4,1,1,1,10,2,1,1
26,1.0,27.0,0,0,4,1,1,1,10,2,1,1
27,1.0,28.0,0,0,4,1,1,1,10,2,1,1
28,1.0,29.0,0,1,0,2,6,11,6,5,9,12
29,1.0,30.0,0,0,4,1,1,1,10,2,1,1
30,1.0,31.0,0,0,4,1,1,1,10,2,1,1
31,1.0,32.0,0,0,4,1,1,1,10,2,1,1
32,2.0,1.0,1,3,5,0,4,0,5,7,7,18
33,2.0,2.0,0,0,0,2,6,11,1,0,14,12
34,2.0,3.0,0,0,4,1,1,1,10,2,1,1
35,2.0,4.0,0,1,5,0,5,0,8,12,12,19
36,2.0,5.0,0,1,0,2,6,11,6,5,0,12
37,2.0,6.0,0,0,4,1,1,1,10,2,4,1
38,2.0,7.0,0,0,4,1,1,1,10,2,1,1
39,2.0,8.0,0,0,4,1,1,1,10,2,1,1
40,2.0,9.0,0,0,4,1,1,1,10,2,1,1
41,2.0,10.0,0,0,4,1,1,1,10,2,1,1
42,2.0,11.0,1,3,1,4,4,2,5,7,17,0
43,2.0,12.0,0,1,0,2,0,7,4,6,12,19
44,2.0,13.0,0,0,4,1,1,1,1,0,14,8
45,2.0,14.0,0,0,4,1,1,1,10,2,1,1
46,2.0,15.0,0,0,0,2,1,11,1,0,14,8
47,2.0,16.0,0,1,0,2,6,11,1,0,14,12
48,2.0,17.0,0,0,4,1,1,1,1,0,4,8
49,3.0,1.0,0,0,4,1,1,1,10,2,1,1
50,3.0,2.0,0,0,4,1,1,1,10,2,4,8
51,3.0,3.0,0,0,4,1,1,7,4,6,4,19
52,3.0,4.0,0,0,4,1,1,7,4,6,4,19
53,3.0,5.0,0,0,4,1,1,1,10,2,1,1
54,3.0,6.0,0,0,4,1,1,1,10,2,1,1
55,4.0,1.0,0,0,4,1,1,1,10,2,1,1
56,4.0,2.0,0,0,4,1,1,1,1,0,4,8
57,4.0,3.0,0,0,4,1,1,1,10,2,1,1
58,4.0,4.0,0,0,4,1,1,1,10,2,1,1
59,5.0,1.0,0,0,4,1,1,1,10,2,4,1
60,5.0,2.0,0,0,4,1,1,1,10,2,4,1
61,5.0,3.0,0,1,5,0,5,0,4,6,12,19
62,5.0,4.0,0,0,4,1,1,1,10,2,4,1
63,5.0,5.0,0,0,4,1,1,1,10,2,4,1
64,5.0,6.0,0,1,5,0,5,7,4,6,12,19
65,5.0,7.0,0,0,4,1,1,1,10,2,4,1
66,6.0,1.0,1,2,2,6,9,3,2,8,10,15
67,6.0,2.0,1,1,5,3,3,3,2,1,6,2
68,6.0,3.0,0,0,0,2,1,11,1,0,14,8
69,6.0,4.0,0,0,0,2,6,11,6,5,14,12
70,6.0,5.0,0,0,0,2,6,11,1,0,14,12
71,6.0,6.0,0,0,0,2,6,11,1,0,14,12
72,6.0,7.0,1,3,1,4,7,2,11,3,3,16
73,6.0,8.0,0,0,0,2,1,11,1,0,14,8
74,6.0,9.0,1,2,2,3,2,3,0,13,6,15
75,6.0,10.0,1,2,2,6,3,3,2,1,6,15
76,6.0,11.0,1,3,1,3,2,10,0,13,6,15
77,6.0,12.0,1,2,2,3,2,3,0,13,6,15
78,6.0,13.0,0,0,0,2,6,11,1,0,14,12
79,6.0,14.0,1,2,2,6,3,3,2,1,6,15
80,6.0,15.0,0,0,4,1,1,11,1,0,14,12
81,6.0,16.0,1,3,1,4,7,2,11,3,3,16
82,6.0,17.0,0,0,0,2,6,11,1,0,14,12
83,6.0,18.0,1,2,2,3,2,3,0,13,6,15
84,6.0,19.0,1,2,2,3,2,3,0,13,6,15
85,6.0,20.0,1,3,1,4,7,2,5,3,2,6
86,6.0,21.0,1,3,1,4,7,2,11,3,3,16
87,6.0,22.0,0,0,0,2,6,11,1,0,14,12
88,6.0,23.0,1,2,2,6,3,3,2,1,6,15
89,6.0,24.0,0,0,0,2,6,11,1,0,14,12
90,6.0,25.0,0,1,0,2,6,11,6,5,14,12
91,7.0,1.0,1,2,3,7,8,4,3,10,8,4
92,7.0,2.0,1,2,3,7,8,4,3,10,8,4
93,7.0,3.0,1,2,3,7,8,4,3,10,8,4
94,7.0,4.0,1,2,3,7,8,4,3,10,8,4
95,7.0,5.0,1,2,3,7,8,4,3,10,8,4
96,7.0,6.0,1,2,3,7,8,4,3,10,8,4
97,7.0,7.0,1,2,3,7,8,4,3,10,8,4
98,7.0,8.0,1,2,3,7,8,4,3,10,8,4
99,7.0,9.0,1,2,3,7,8,4,3,10,8,4
100,8.0,1.0,0,0,4,1,1,1,10,2,4,1
101,8.0,2.0,0,0,4,1,1,1,10,2,1,1
102,9.0,1.0,1,2,2,6,4,3,2,8,17,0
103,9.0,2.0,1,2,2,6,9,5,12,11,10,13
104,9.0,3.0,1,2,2,6,9,5,12,11,10,13
105,9.0,4.0,0,0,0,2,6,11,1,0,0,12
106,9.0,5.0,1,2,2,5,3,3,2,1,13,11
107,9.0,6.0,1,2,2,6,4,9,2,7,17,0
108,10.0,1.0,0,1,0,2,6,11,6,5,9,12
109,10.0,2.0,0,1,0,2,0,8,13,5,15,5
110,10.0,3.0,0,1,0,2,0,8,13,4,5,7
111,10.0,4.0,0,0,4,1,1,1,1,0,14,8
112,10.0,5.0,0,1,0,2,0,7,13,15,15,9
113,10.0,6.0,0,0,0,2,6,11,1,0,14,8
114,10.0,7.0,1,1,3,3,6,8,6,13,9,10
115,10.0,8.0,0,1,0,2,0,7,4,6,5,19
116,10.0,9.0,0,0,0,2,1,11,1,0,14,8
117,10.0,10.0,0,1,0,2,6,11,6,5,0,12
118,10.0,11.0,0,0,4,1,1,1,10,2,4,1
119,10.0,12.0,1,1,5,0,5,0,8,12,12,19
120,10.0,13.0,0,0,4,1,1,1,10,2,4,1
121,10.0,14.0,0,0,0,2,6,11,1,0,14,12
122,10.0,15.0,0,1,0,2,6,11,6,5,0,12
123,10.0,16.0,1,2,2,5,3,3,2,1,6,15
124,10.0,17.0,0,0,4,1,1,1,1,0,14,8
125,10.0,18.0,0,1,0,2,6,11,6,5,0,12
126,10.0,19.0,0,1,0,2,0,7,13,15,15,9
127,10.0,20.0,0,0,0,1,1,7,1,0,4,8
128,10.0,21.0,1,1,5,2,0,8,13,4,5,7
129,10.0,22.0,0,0,4,1,1,1,1,0,14,8
130,10.0,23.0,0,1,0,2,0,7,1,6,0,19
131,10.0,24.0,1,1,0,2,6,8,6,5,9,10
132,10.0,25.0,0,0,0,2,6,11,1,0,14,8
133,10.0,26.0,1,1,5,3,0,8,13,4,5,7
134,10.0,27.0,0,0,4,1,1,1,10,2,4,1
135,10.0,28.0,1,1,5,3,2,10,0,13,9,10
136,10.0,29.0,1,2,2,5,3,5,2,1,13,18
137,10.0,30.0,0,0,0,2,0,7,1,15,15,9
138,10.0,31.0,0,0,0,2,6,11,1,0,0,8
139,10.0,32.0,1,1,5,5,5,0,2,4,13,2
140,10.0,33.0,0,1,0,2,0,7,4,6,5,19
141,10.0,34.0,0,1,0,2,0,7,13,15,15,9
142,10.0,35.0,0,1,0,2,6,11,6,5,9,12
143,10.0,36.0,0,1,0,2,6,11,6,5,0,12
144,10.0,37.0,0,1,0,2,6,11,6,5,0,12
145,10.0,38.0,0,0,4,1,1,1,10,2,4,1
146,11.0,1.0,0,1,0,2,0,7,4,6,12,19
147,11.0,2.0,1,1,5,5,5,0,2,4,13,2
148,11.0,3.0,1,1,5,5,5,0,8,12,12,2
149,11.0,4.0,1,1,5,5,5,0,8,12,12,2
150,11.0,5.0,1,1,5,5,5,0,8,12,12,2
151,11.0,6.0,0,0,4,1,1,1,10,2,1,1
152,11.0,7.0,1,1,5,2,5,0,4,4,12,2
153,11.0,8.0,0,1,0,2,0,7,4,6,12,19
154,12.0,1.0,0,1,5,0,5,0,4,12,12,19
155,12.0,2.0,0,1,4,0,5,7,4,6,12,19
156,12.0,3.0,1,1,5,5,5,0,8,12,13,2
157,12.0,4.0,0,0,0,2,1,11,1,0,14,8
158,13.0,1.0,0,0,4,1,1,1,10,2,1,1
159,13.0,2.0,0,0,4,1,1,1,10,2,1,1
160,13.0,3.0,0,0,4,1,1,1,10,2,1,1
161,13.0,4.0,0,0,4,1,1,1,10,2,1,1
162,14.0,1.0,1,1,5,3,2,10,0,13,9,10
163,14.0,2.0,1,3,1,4,7,2,5,7,2,6
164,14.0,3.0,1,3,1,3,2,10,0,13,3,6
165,14.0,4.0,1,3,1,4,7,6,11,14,3,16
166,14.0,5.0,1,3,1,4,4,9,5,7,17,0
167,14.0,6.0,1,1,5,0,5,0,8,12,12,2
168,14.0,7.0,1,3,1,4,4,9,5,7,17,0
169,14.0,8.0,1,3,1,4,4,9,5,7,17,0
170,14.0,9.0,1,1,5,0,5,0,8,12,7,18
171,14.0,10.0,1,3,1,4,4,9,5,7,17,0
172,14.0,11.0,1,2,2,6,3,10,7,9,16,17
173,15.0,1.0,0,0,4,1,1,1,10,2,1,1
174,15.0,2.0,0,0,4,1,1,11,1,0,14,8
175,15.0,3.0,0,0,4,1,1,1,10,2,1,1
176,15.0,4.0,0,0,4,1,1,1,10,2,1,1
177,15.0,5.0,0,0,0,2,6,11,1,0,14,8
178,15.0,6.0,1,1,5,0,5,0,13,12,12,5
179,15.0,7.0,0,1,0,2,6,11,6,5,0,12
180,15.0,8.0,0,0,4,1,1,1,10,2,1,1
181,15.0,9.0,0,0,4,1,1,1,10,2,1,1
182,16.0,1.0,1,1,5,3,5,0,13,4,12,5
183,16.0,2.0,1,1,5,5,3,8,6,4,5,7
184,16.0,3.0,1,2,5,5,3,8,2,1,13,2
185,16.0,4.0,0,1,0,2,6,11,6,5,0,12
186,16.0,5.0,0,1,0,2,6,8,6,5,9,7
187,16.0,6.0,1,2,2,5,3,3,9,1,13,11
188,16.0,7.0,1,2,2,5,3,3,9,1,13,11
189,16.0,8.0,1,1,0,2,6,8,6,5,9,7
190,16.0,9.0,1,2,5,5,3,3,9,1,13,11
191,16.0,10.0,1,2,2,3,2,3,0,13,6,15
192,16.0,11.0,1,2,2,5,3,3,9,1,13,11
193,16.0,12.0,1,1,0,3,6,8,13,15,15,10
194,16.0,13.0,1,2,2,5,3,3,9,1,13,11
195,16.0,14.0,1,3,1,4,7,2,5,3,3,16
196,16.0,15.0,1,1,0,2,6,8,6,5,9,7
197,16.0,16.0,0,1,0,2,6,11,6,5,0,12
198,17.0,1.0,0,0,4,1,1,1,10,2,1,1
199,17.0,2.0,0,0,4,1,1,1,10,2,1,1
200,17.0,3.0,0,0,4,1,1,1,10,2,1,1
201,17.0,4.0,0,0,4,1,1,1,10,2,1,1
202,17.0,5.0,0,0,4,1,1,1,10,2,4,1
203,17.0,6.0,0,0,4,1,1,1,10,2,1,1
204,17.0,7.0,0,0,4,1,1,1,10,2,1,1
205,17.0,8.0,0,0,4,1,1,1,10,2,1,1
206,17.0,9.0,0,0,4,1,1,1,10,2,1,1
207,17.0,10.0,0,0,4,1,1,1,10,2,1,1
208,17.0,11.0,0,0,4,1,1,1,10,2,4,1
209,17.0,12.0,0,0,4,1,1,1,10,2,1,1
210,17.0,13.0,0,0,4,1,1,1,10,2,1,1
211,17.0,14.0,0,0,4,1,1,1,10,2,1,1
212,17.0,15.0,0,0,4,1,1,1,10,2,1,1
213,17.0,16.0,0,0,4,1,1,1,10,2,1,1
214,18.0,1.0,0,0,4,1,1,1,10,2,4,1
215,18.0,2.0,0,0,4,1,1,1,10,2,4,1
216,18.0,3.0,0,0,4,1,1,1,10,2,4,1
217,18.0,4.0,0,0,4,1,1,11,1,0,14,8
218,18.0,5.0,0,0,4,1,1,1,10,2,4,1
219,18.0,6.0,0,0,0,2,6,11,1,0,14,8
220,18.0,7.0,0,0,4,1,1,1,10,2,4,1
221,18.0,8.0,0,0,4,1,1,1,10,2,4,1
222,18.0,9.0,0,0,4,1,1,1,10,2,1,1
223,18.0,10.0,0,0,4,1,1,1,10,2,4,1
224,18.0,11.0,0,0,4,1,1,1,10,2,1,1
225,19.0,1.0,0,0,4,1,1,1,10,2,1,1
226,19.0,2.0,0,0,4,1,1,1,10,2,1,1
227,19.0,3.0,0,0,4,1,1,1,10,2,1,1
228,19.0,4.0,0,0,4,1,1,1,10,2,4,1
229,19.0,5.0,0,0,4,1,1,1,10,2,1,1
230,19.0,6.0,0,0,4,1,1,1,10,2,1,1
231,20.0,1.0,0,0,0,2,6,11,6,5,0,12
232,20.0,2.0,0,0,0,2,1,7,1,0,14,8
233,20.0,3.0,0,1,0,2,0,7,13,6,0,5
234,20.0,4.0,0,0,4,1,1,1,10,2,1,1
235,20.0,5.0,0,1,5,2,0,7,13,6,5,5
236,20.0,6.0,0,0,4,1,1,1,1,0,4,8
237,20.0,7.0,0,0,4,1,1,1,10,2,1,1
238,21.0,1.0,1,1,5,0,5,0,8,12,12,5
239,21.0,2.0,0,1,0,2,0,7,4,6,12,19
240,21.0,3.0,1,1,5,0,5,0,8,12,7,18
241,21.0,4.0,0,0,4,1,1,1,10,2,4,1
242,21.0,5.0,0,1,0,2,0,7,4,6,12,19
243,21.0,6.0,0,1,5,0,5,0,13,12,12,19
244,21.0,7.0,0,1,0,2,0,7,4,6,12,19
245,21.0,8.0,1,1,5,0,5,0,8,12,12,2
246,21.0,9.0,0,1,0,2,0,7,4,6,12,19
247,21.0,10.0,0,1,0,2,0,7,4,6,12,19
248,22.0,1.0,1,1,5,0,5,0,8,12,12,2
249,22.0,2.0,1,1,5,0,5,0,8,12,12,2
250,22.0,3.0,1,1,5,0,5,0,8,12,12,2
251,23.0,1.0,0,1,0,2,0,7,13,6,5,7
252,23.0,2.0,0,1,0,2,0,7,13,6,5,7
253,23.0,3.0,0,1,0,2,6,11,6,5,0,12
254,23.0,4.0,0,1,5,0,5,7,4,6,5,19
255,23.0,5.0,0,1,0,2,0,7,13,6,5,7
256,24.0,1.0,0,0,4,1,1,1,10,2,1,1
257,24.0,2.0,0,0,4,1,1,1,10,2,4,1
258,24.0,3.0,0,0,4,1,1,7,4,6,4,19
259,24.0,4.0,0,0,4,1,1,1,10,2,4,1
260,24.0,5.0,0,0,4,1,1,1,10,2,4,8
261,25.0,1.0,1,1,0,2,0,8,13,4,9,2
262,25.0,2.0,0,1,0,2,0,7,13,6,0,5
263,25.0,3.0,1,3,1,4,7,2,5,3,2,16
264,25.0,4.0,0,0,0,2,6,11,1,0,14,12
265,25.0,5.0,0,1,0,2,6,11,6,5,0,12
266,25.0,6.0,0,1,0,2,6,11,6,5,9,12
267,25.0,7.0,0,0,0,2,0,7,1,6,0,8
268,25.0,8.0,1,1,5,5,5,0,8,12,13,2
269,25.0,9.0,0,0,0,2,1,11,1,0,14,8
270,25.0,10.0,1,1,5,5,5,0,8,12,13,18
271,25.0,11.0,0,0,4,1,1,1,1,0,14,8
272,25.0,12.0,0,1,0,2,0,7,13,6,0,5
273,25.0,13.0,0,0,4,1,1,11,1,0,14,8
274,25.0,14.0,0,0,0,2,6,11,1,0,0,12
275,25.0,15.0,0,1,0,2,6,11,6,5,0,12
276,25.0,16.0,0,1,0,2,6,8,6,5,9,10
277,25.0,17.0,0,0,0,2,6,11,1,0,14,12
278,26.0,1.0,1,1,5,5,3,0,8,1,13,2
279,26.0,2.0,1,2,5,5,3,3,2,8,6,2
280,26.0,3.0,1,2,5,5,3,0,8,1,13,2
281,26.0,4.0,1,1,5,3,3,8,13,4,6,2
282,26.0,5.0,1,2,2,3,2,3,2,8,6,15
283,27.0,1.0,0,0,4,1,1,1,10,2,1,1
284,27.0,2.0,0,0,4,1,1,1,10,2,1,1
285,27.0,3.0,0,0,4,1,1,1,1,2,4,8
286,27.0,4.0,0,0,4,1,1,1,10,2,1,1
287,27.0,5.0,0,0,4,1,1,1,10,2,1,1
288,28.0,1.0,0,0,4,1,1,1,1,0,4,9
289,28.0,2.0,0,0,4,1,1,1,1,0,4,9
290,28.0,3.0,0,0,4,1,1,1,1,0,4,9
291,28.0,4.0,0,0,4,1,1,1,10,2,4,1
292,29.0,1.0,0,1,0,2,6,8,6,5,9,12
293,29.0,2.0,0,0,0,2,6,11,1,0,14,8
294,29.0,3.0,0,0,0,2,1,11,1,0,14,8
295,29.0,4.0,0,0,4,1,1,1,10,2,1,1
296,30.0,1.0,1,1,5,5,6,8,6,5,9,7
297,30.0,2.0,0,1,0,2,6,11,6,5,9,12
298,30.0,3.0,1,1,5,5,5,0,8,1,13,18
299,30.0,4.0,0,1,0,2,6,11,6,5,9,12
300,31.0,1.0,1,1,5,0,5,0,8,12,7,5
301,31.0,2.0,0,0,0,2,6,11,1,0,14,8
302,31.0,3.0,0,0,0,2,6,11,1,0,14,8
303,32.0,1.0,1,3,1,4,2,6,11,14,3,16
304,32.0,2.0,0,1,0,2,6,11,6,5,9,5
305,32.0,3.0,1,1,5,3,2,8,2,4,6,2
306,32.0,4.0,0,0,4,1,1,1,10,2,1,1
307,32.0,5.0,0,1,0,2,6,11,1,5,0,12
308,32.0,6.0,1,3,1,4,7,6,11,14,3,6
309,32.0,7.0,0,0,0,2,6,11,1,0,14,8
310,32.0,8.0,0,0,4,1,1,1,10,2,1,1
311,32.0,9.0,1,3,1,3,2,6,2,14,3,16
312,32.0,10.0,0,0,4,1,1,1,10,2,1,1
313,32.0,11.0,1,1,5,0,5,8,13,12,9,5
314,32.0,12.0,0,0,0,2,6,11,1,0,14,8
315,32.0,13.0,0,0,4,1,1,1,10,2,1,1
316,32.0,14.0,0,0,4,1,1,1,10,2,1,1
317,32.0,15.0,0,1,0,2,0,7,13,6,0,5
318,32.0,16.0,1,3,1,3,2,6,2,8,3,16
319,32.0,17.0,0,1,0,2,6,11,6,5,9,12
320,32.0,18.0,0,0,4,1,1,1,10,2,1,1
321,32.0,19.0,1,1,5,3,2,8,2,4,6,2
322,32.0,20.0,1,3,1,4,2,6,11,14,3,6
323,32.0,21.0,1,3,1,4,2,6,11,14,3,6
324,32.0,22.0,0,0,4,1,1,1,1,0,4,8
325,32.0,23.0,0,0,4,1,1,1,10,2,1,1
326,32.0,24.0,1,3,1,3,2,6,2,14,3,16
327,32.0,25.0,0,0,4,1,1,1,10,2,1,1
328,32.0,26.0,1,3,1,3,2,6,2,14,3,16
329,33.0,1.0,0,1,0,2,0,7,4,6,12,19
330,34.0,1.0,0,0,4,1,1,1,10,2,1,1
331,34.0,2.0,0,0,4,1,1,1,10,2,1,1
332,34.0,3.0,0,0,4,1,1,1,10,2,1,1
333,34.0,4.0,0,0,4,1,1,1,10,2,1,1
334,34.0,5.0,0,0,4,1,1,1,10,2,1,1
335,35.0,1.0,0,0,4,1,1,1,10,2,4,1
336,35.0,2.0,0,0,4,1,1,1,10,2,1,1
337,35.0,3.0,0,0,4,1,1,1,10,2,1,1
338,36.0,1.0,0,0,0,2,0,7,1,15,15,9
339,36.0,2.0,1,1,0,2,6,8,6,15,15,7
340,36.0,3.0,0,1,0,2,0,7,1,15,15,9
341,36.0,4.0,0,1,0,2,0,7,13,15,15,9
342,36.0,5.0,0,1,0,2,0,7,13,15,15,9
343,36.0,6.0,0,1,0,2,0,7,13,15,15,9
344,36.0,7.0,0,1,0,2,0,7,13,15,15,9
345,36.0,8.0,0,1,0,2,0,7,13,15,15,9
346,36.0,9.0,0,0,0,2,0,7,1,15,15,9
347,37.0,1.0,0,0,4,1,1,1,10,2,1,1
348,37.0,2.0,0,0,4,1,1,1,10,2,1,1
349,38.0,1.0,0,0,4,1,1,1,10,2,4,1
350,38.0,2.0,0,0,4,1,1,1,10,2,4,1
351,38.0,3.0,0,0,4,1,1,1,10,2,4,1
352,38.0,4.0,0,0,4,1,1,1,10,2,4,1
353,38.0,5.0,0,0,4,1,1,1,10,2,4,1
354,38.0,6.0,0,0,4,1,1,1,10,2,4,1
355,39.0,1.0,0,0,4,1,1,1,10,2,1,1
356,39.0,2.0,0,0,4,1,1,1,10,2,4,1
357,39.0,3.0,0,0,4,1,1,1,10,2,1,1
358,39.0,4.0,0,0,4,1,1,1,10,2,1,1
359,39.0,5.0,0,0,4,1,1,1,10,2,4,1
360,39.0,6.0,0,0,4,1,1,1,10,2,1,1
361,39.0,7.0,0,0,4,1,1,1,10,2,1,1
362,39.0,8.0,0,0,4,1,1,1,10,2,1,1
363,40.0,1.0,0,0,4,1,1,1,10,2,1,1
364,40.0,2.0,1,2,2,6,3,5,7,9,10,13
365,40.0,3.0,0,0,4,1,1,1,10,2,1,1
366,41.0,1.0,0,0,0,2,6,11,1,0,14,12
367,41.0,2.0,1,1,5,0,0,8,13,12,15,5
368,41.0,3.0,1,1,5,0,5,0,8,12,7,18
369,41.0,4.0,0,1,0,2,6,11,6,5,0,12
370,41.0,5.0,0,0,4,1,1,1,10,2,1,1
371,41.0,6.0,0,0,4,1,1,1,1,0,14,8
372,41.0,7.0,1,1,5,0,5,0,8,12,7,18
373,41.0,8.0,1,1,5,0,5,0,8,12,7,18
374,41.0,9.0,0,1,0,2,0,8,13,6,15,5
375,42.0,1.0,1,1,5,3,3,8,13,4,6,2
376,42.0,2.0,1,1,5,5,6,8,8,5,5,7
377,42.0,3.0,1,2,5,5,5,0,8,1,13,7
378,42.0,4.0,0,1,0,2,6,11,6,5,0,12
379,43.0,1.0,1,3,1,3,2,10,0,13,3,16
380,43.0,2.0,1,3,1,3,2,6,0,13,3,16
381,43.0,3.0,1,3,1,3,2,10,11,13,3,16
382,44.0,1.0,0,1,0,2,6,11,13,5,0,5
383,44.0,2.0,0,1,0,2,6,7,1,6,0,8
384,44.0,3.0,0,0,0,2,6,11,1,0,14,8
385,44.0,4.0,0,0,4,1,1,1,1,0,4,8
386,44.0,5.0,1,1,5,0,5,0,13,12,12,5
387,44.0,6.0,1,1,5,0,5,0,8,12,7,5
388,44.0,7.0,0,1,0,2,6,11,1,0,14,8
389,44.0,8.0,0,1,5,0,5,7,13,12,12,5
390,44.0,9.0,0,1,0,2,6,7,13,6,9,5
391,44.0,10.0,0,1,0,2,6,11,1,0,14,8
392,44.0,11.0,1,2,3,3,3,10,7,1,6,10
393,44.0,12.0,1,3,1,4,7,2,5,3,2,6
394,44.0,13.0,0,1,0,2,0,7,13,6,0,19
395,44.0,14.0,1,2,2,6,9,5,7,9,10,13
396,44.0,15.0,1,3,1,4,7,2,11,3,3,6
397,44.0,16.0,0,0,4,1,1,1,1,0,4,8
398,45.0,1.0,0,0,4,1,1,1,10,2,1,1
399,45.0,2.0,1,3,5,0,2,6,8,12,3,2
400,45.0,3.0,0,0,4,1,1,1,10,2,1,1
401,45.0,4.0,0,0,4,1,1,1,1,0,4,8
402,45.0,5.0,0,0,4,1,1,1,1,0,4,8
403,46.0,1.0,0,0,4,1,1,1,10,2,4,1
404,46.0,2.0,1,1,5,5,5,0,8,12,13,18
405,46.0,3.0,0,1,5,0,5,0,8,12,12,19
406,47.0,1.0,1,3,1,4,7,2,11,3,3,16
407,47.0,2.0,0,1,0,2,6,8,6,5,9,12
408,47.0,3.0,1,3,1,4,7,2,11,3,3,16
409,47.0,4.0,1,1,0,2,6,8,6,5,9,10
410,47.0,5.0,0,0,4,1,1,1,1,0,14,8
411,47.0,6.0,1,3,1,4,7,2,0,3,2,13
412,47.0,7.0,0,0,4,1,1,1,1,0,4,8
413,47.0,8.0,1,3,1,4,7,2,5,3,2,6
414,47.0,9.0,1,3,1,3,2,6,0,13,3,6
415,47.0,10.0,1,1,5,0,5,0,13,12,12,5
416,47.0,11.0,1,3,1,4,2,6,11,14,3,6
417,47.0,12.0,1,3,1,4,7,2,5,3,2,6
418,47.0,13.0,0,1,0,2,6,11,6,5,0,12
419,47.0,14.0,1,2,5,5,3,0,2,4,13,2
420,47.0,15.0,1,2,3,3,3,10,0,13,6,10
421,47.0,16.0,0,1,0,2,6,8,6,5,9,12
422,47.0,17.0,1,3,1,4,2,6,11,14,3,6
423,47.0,18.0,1,3,1,3,2,6,0,13,3,6
424,47.0,19.0,1,2,3,3,3,10,7,1,16,17
425,47.0,20.0,0,1,0,2,0,8,13,5,15,5
426,47.0,21.0,1,3,1,4,7,2,5,3,2,6
427,47.0,22.0,1,2,5,5,5,0,2,4,13,2
428,47.0,23.0,1,3,1,4,2,6,11,14,3,6
429,47.0,24.0,0,0,4,1,1,1,1,0,4,8
430,47.0,25.0,0,0,4,1,1,1,10,2,1,1
431,47.0,26.0,0,0,4,1,1,1,1,0,4,8
432,48.0,1.0,0,0,4,1,1,1,10,2,1,1
433,48.0,2.0,0,1,0,2,6,11,6,5,9,10
434,48.0,3.0,0,0,4,1,1,1,10,2,1,1
435,48.0,4.0,0,0,4,1,1,1,10,2,1,1
436,48.0,5.0,0,0,4,1,1,1,10,2,1,1
437,48.0,6.0,0,0,4,1,1,1,10,2,1,1
438,48.0,7.0,0,0,4,1,1,1,10,2,1,1
439,48.0,8.0,1,2,3,3,3,10,7,9,16,17
440,48.0,9.0,0,0,4,1,1,1,10,2,1,1
441,48.0,10.0,0,0,4,1,1,1,10,2,1,1
442,48.0,11.0,0,0,4,1,1,1,10,2,1,1
443,48.0,12.0,0,0,4,1,1,1,10,2,1,1
444,48.0,13.0,0,0,0,2,6,11,6,5,9,10
445,48.0,14.0,0,0,4,1,1,1,10,2,1,1
446,48.0,15.0,1,2,3,3,3,10,7,9,16,17
447,48.0,16.0,0,0,4,1,1,1,10,2,1,1
448,48.0,17.0,1,2,3,3,3,10,7,9,16,17
449,48.0,18.0,0,0,4,1,1,1,10,2,1,1
450,48.0,19.0,0,0,4,1,1,1,10,2,1,1
451,48.0,20.0,0,0,4,1,1,1,10,2,1,1
452,48.0,21.0,0,0,0,2,6,11,6,5,9,10
453,48.0,22.0,0,0,4,1,1,1,10,2,1,1
454,48.0,23.0,0,0,4,1,1,1,10,2,1,1
455,48.0,24.0,0,0,4,1,1,1,10,2,1,1
456,48.0,25.0,1,2,3,3,3,10,7,9,16,17
457,48.0,26.0,0,0,4,1,1,1,10,2,1,1
458,48.0,27.0,0,0,4,1,1,1,10,2,1,1
459,48.0,28.0,0,0,4,1,1,1,1,0,14,8
460,48.0,29.0,0,0,4,1,1,1,10,2,1,1
461,49.0,1.0,1,1,5,3,2,8,13,4,15,2
462,49.0,2.0,1,1,5,3,2,8,13,4,15,2
463,50.0,1.0,0,0,4,1,1,1,10,2,1,1
464,50.0,2.0,0,0,4,1,1,1,10,2,4,1
465,50.0,3.0,0,0,4,1,1,1,10,2,4,1
466,50.0,4.0,0,0,4,1,1,1,10,2,4,1
467,50.0,5.0,0,0,4,1,1,11,1,0,14,8
468,50.0,6.0,0,0,4,1,1,1,1,0,4,8
469,50.0,7.0,0,0,4,1,1,7,1,0,4,8
470,50.0,8.0,0,0,4,1,1,1,10,2,1,1
471,50.0,9.0,0,0,4,1,1,1,10,2,4,1
472,50.0,10.0,0,0,4,1,1,1,10,2,1,1
473,50.0,11.0,0,0,0,1,1,7,1,0,4,8
474,50.0,12.0,0,0,4,1,1,1,10,2,4,1
475,50.0,13.0,0,0,4,1,1,1,10,2,4,1
476,50.0,14.0,0,0,4,1,1,1,10,2,1,1
477,50.0,15.0,0,0,4,1,1,7,1,0,4,8
478,50.0,16.0,0,0,0,1,0,7,1,6,4,8
479,50.0,17.0,0,0,4,1,1,1,10,2,1,1
480,50.0,18.0,0,1,0,2,5,7,4,6,12,19
481,51.0,1.0,0,0,4,1,1,1,10,2,4,1
482,51.0,2.0,0,0,4,1,1,1,10,2,4,1
483,51.0,3.0,0,0,4,1,1,1,10,2,4,1
484,51.0,4.0,0,0,4,1,1,1,10,2,4,1
485,51.0,5.0,0,0,4,1,1,1,10,2,4,1
486,51.0,6.0,0,0,4,1,1,1,10,2,4,1
487,51.0,7.0,0,0,4,1,1,1,10,2,4,1
488,51.0,8.0,0,0,4,1,1,1,10,2,4,1
489,51.0,9.0,0,0,4,1,1,1,10,2,4,1
490,51.0,10.0,0,0,4,1,1,1,10,2,4,1
491,51.0,11.0,0,0,4,1,1,1,10,2,4,1
492,52.0,1.0,0,0,4,1,1,1,10,2,1,1
493,52.0,2.0,0,1,0,2,6,11,1,0,14,8
494,52.0,3.0,0,1,0,2,6,8,6,5,9,10
495,52.0,4.0,0,1,0,2,0,7,1,6,15,9
496,52.0,5.0,0,0,4,1,1,1,10,2,1,1
497,52.0,6.0,0,0,4,1,1,1,1,0,14,8
498,52.0,7.0,0,0,4,1,1,1,1,0,14,8
499,52.0,8.0,0,0,4,1,1,1,10,2,1,1
500,52.0,9.0,0,0,0,2,6,11,1,0,14,8
501,52.0,10.0,0,0,0,2,6,11,1,0,14,8
502,54.0,1.0,0,0,4,1,1,1,10,2,1,1
503,54.0,2.0,0,0,4,1,1,1,10,2,1,1
504,55.0,1.0,0,0,4,1,1,1,10,2,1,1
505,55.0,2.0,0,0,4,1,1,1,10,2,1,1
506,55.0,3.0,0,1,0,2,6,8,6,15,15,12
507,55.0,4.0,0,0,4,1,1,1,10,2,1,1
508,55.0,5.0,0,0,4,1,1,11,1,0,14,8
509,56.0,1.0,0,0,4,1,1,1,10,2,1,1
510,56.0,2.0,0,1,0,2,6,11,6,5,14,12
511,56.0,3.0,0,1,0,2,6,8,6,5,5,7
512,57.0,1.0,0,0,4,1,1,1,10,2,1,1
513,57.0,2.0,0,0,4,1,1,1,10,2,4,1
514,57.0,3.0,0,0,4,1,1,1,10,2,4,1
515,57.0,4.0,0,0,4,1,1,1,10,2,4,1
516,57.0,5.0,0,0,4,1,1,1,10,2,4,1
517,57.0,6.0,0,0,4,1,1,1,10,2,4,1
518,57.0,7.0,0,0,4,1,1,1,10,2,4,1
519,57.0,8.0,0,0,4,1,1,1,10,2,1,1
520,57.0,9.0,0,0,4,1,1,1,10,2,1,1
521,57.0,10.0,0,0,4,1,1,1,10,2,4,1
522,58.0,1.0,0,0,4,1,1,1,1,0,14,8
523,58.0,2.0,0,0,4,1,1,1,10,0,4,1
524,58.0,3.0,0,1,0,2,6,11,6,5,9,12
525,59.0,1.0,0,1,0,2,6,11,6,5,9,12
526,59.0,2.0,1,1,5,5,3,0,8,1,13,18
527,59.0,3.0,1,2,1,3,2,10,7,9,3,16
528,59.0,4.0,1,2,2,6,9,5,12,9,10,14
529,59.0,5.0,1,1,5,3,2,8,13,13,15,2
530,59.0,6.0,1,1,5,3,5,0,8,4,15,2
531,59.0,7.0,0,0,0,2,6,11,1,0,14,8
532,59.0,8.0,1,2,2,6,9,5,7,9,10,14
533,59.0,9.0,0,1,0,2,6,11,6,5,9,7
534,60.0,1.0,1,2,5,5,3,3,2,1,13,2
535,60.0,2.0,0,0,4,1,1,1,10,2,1,1
536,60.0,3.0,0,1,0,2,0,7,4,6,0,19
537,60.0,4.0,1,1,5,5,5,0,8,1,13,2
538,60.0,5.0,1,1,5,0,5,0,8,12,12,2
539,61.0,1.0,0,1,0,2,0,7,13,6,5,19
540,61.0,2.0,1,2,2,6,3,3,2,8,6,15
541,61.0,3.0,0,1,0,2,0,7,13,6,5,19
542,61.0,4.0,1,2,2,3,2,6,2,8,6,15
543,61.0,5.0,0,0,0,2,0,7,1,6,0,8
544,61.0,6.0,0,1,0,2,0,7,1,6,0,8
545,62.0,1.0,0,0,4,1,1,1,10,2,4,8
546,62.0,2.0,0,0,4,1,1,1,1,0,4,8
547,62.0,3.0,0,0,4,1,1,1,1,0,4,8
548,62.0,4.0,0,0,4,1,1,1,1,0,4,8
549,62.0,5.0,0,1,0,2,6,11,6,5,0,12
550,63.0,1.0,0,0,4,1,1,1,10,2,4,1
551,63.0,2.0,0,0,4,1,1,1,1,0,14,8
552,63.0,3.0,0,0,4,1,1,1,10,2,4,1
553,63.0,4.0,0,0,4,1,1,1,10,2,4,1
554,63.0,5.0,0,0,4,1,1,1,10,2,4,1
555,63.0,6.0,0,0,4,1,1,1,10,2,4,1
556,64.0,1.0,0,1,0,2,6,11,6,5,0,12
557,64.0,2.0,0,0,0,2,6,11,1,5,0,12
558,64.0,3.0,0,0,4,1,1,1,10,2,1,1
559,64.0,4.0,0,1,0,2,6,11,6,5,0,12
560,64.0,5.0,0,0,4,1,1,1,10,2,1,1
561,64.0,6.0,0,1,0,2,0,7,13,6,0,5
562,65.0,1.0,0,0,4,1,1,1,10,2,1,1
563,65.0,2.0,0,0,4,1,1,1,10,2,1,1
564,65.0,3.0,0,0,4,1,1,1,10,2,1,1
565,65.0,4.0,0,0,4,1,1,1,10,2,1,1
566,65.0,5.0,0,0,4,1,1,1,10,2,1,1
567,66.0,1.0,1,3,3,3,2,10,0,13,9,10
568,66.0,2.0,1,3,3,3,2,10,0,13,9,10
569,66.0,3.0,0,1,5,0,5,0,13,6,12,19
570,66.0,4.0,1,1,5,0,5,0,8,12,12,2
571,66.0,5.0,1,1,5,0,5,0,13,12,12,5
572,67.0,1.0,1,2,5,5,3,0,2,1,13,11
573,67.0,2.0,0,0,4,1,1,1,10,2,4,1
574,67.0,3.0,0,1,0,2,0,7,4,6,12,19
575,67.0,4.0,1,2,5,5,3,0,2,1,13,11
576,68.0,1.0,0,0,4,1,1,1,10,2,4,1
577,68.0,2.0,0,0,4,1,1,1,10,2,4,1
578,68.0,3.0,0,0,4,1,1,1,10,2,4,1
579,69.0,1.0,0,0,0,2,1,11,1,0,14,8
580,69.0,2.0,0,0,0,2,6,11,1,0,14,8
581,69.0,3.0,0,0,4,1,1,11,1,0,14,8
582,69.0,4.0,0,0,4,1,1,1,10,2,1,1
583,69.0,5.0,0,0,0,2,6,11,1,0,14,8
584,69.0,6.0,0,0,4,1,1,1,10,2,1,1
585,69.0,7.0,0,0,0,2,6,11,1,0,14,8
586,69.0,8.0,0,0,4,1,1,1,1,0,14,8
587,69.0,9.0,0,0,4,1,1,1,10,2,1,1
588,69.0,10.0,0,1,5,0,5,7,4,6,12,19
589,69.0,11.0,0,0,0,2,0,7,1,6,0,19
590,69.0,12.0,0,1,0,2,0,7,4,6,0,19
591,69.0,13.0,0,1,0,2,0,7,4,6,0,19
592,70.0,1.0,0,0,0,2,6,11,1,0,14,12
593,70.0,2.0,0,1,0,2,0,8,13,5,5,7
594,70.0,3.0,0,1,5,2,5,7,13,6,12,5
595,70.0,4.0,0,0,4,1,1,1,1,0,14,8
596,70.0,5.0,0,0,4,1,1,1,10,2,1,1
597,70.0,6.0,0,0,0,2,6,11,1,0,14,8
598,70.0,7.0,0,1,0,2,0,7,4,6,5,19
599,70.0,8.0,0,1,0,2,6,7,13,5,0,12
600,70.0,9.0,0,0,0,1,1,11,1,0,14,8
601,70.0,10.0,1,2,2,6,3,5,2,1,11,3
602,70.0,11.0,1,2,2,6,9,5,12,8,11,14
603,70.0,12.0,0,0,4,1,1,1,10,2,1,1
604,70.0,13.0,0,0,0,2,6,11,1,0,14,12
605,70.0,14.0,0,0,4,1,1,1,10,2,1,1
606,70.0,15.0,0,0,0,2,6,11,1,0,14,12
607,70.0,16.0,0,1,0,2,0,7,13,6,0,5
608,70.0,17.0,1,1,5,0,5,0,13,4,12,5
609,70.0,18.0,0,1,0,2,6,11,6,5,0,12
610,70.0,19.0,0,1,0,2,0,7,1,6,0,5
611,70.0,20.0,0,1,0,2,0,7,4,6,5,19
612,70.0,21.0,0,0,4,1,0,7,4,6,4,19
613,71.0,1.0,0,0,4,1,1,1,10,2,4,1
614,71.0,2.0,0,0,4,1,1,1,10,2,1,1
615,71.0,3.0,0,0,4,1,1,1,10,2,1,1
616,71.0,4.0,0,0,4,1,1,1,10,2,4,1
617,72.0,1.0,0,0,4,1,1,1,10,2,4,1
618,72.0,2.0,0,0,4,1,1,1,10,2,4,1
619,72.0,3.0,0,0,4,1,1,1,10,2,4,1
620,72.0,4.0,0,0,4,1,1,1,10,2,4,1
621,72.0,5.0,0,0,4,1,0,7,4,6,4,19
622,72.0,6.0,0,0,4,1,1,1,10,2,4,1
623,74.0,1.0,0,0,4,1,1,1,10,2,1,1
624,74.0,2.0,0,0,4,1,1,11,1,0,14,12
625,75.0,1.0,0,0,4,1,1,1,10,2,4,1
626,75.0,2.0,0,0,4,1,1,1,10,2,4,1
627,75.0,3.0,0,0,4,1,1,1,10,2,4,1
628,75.0,4.0,0,0,4,1,1,1,10,2,1,1
629,75.0,5.0,0,0,4,1,1,1,10,2,1,1
630,75.0,6.0,0,0,4,1,1,1,10,2,1,1
631,76.0,1.0,0,1,0,2,0,7,13,5,5,7
632,76.0,2.0,1,2,2,6,9,5,12,9,11,3
633,76.0,3.0,0,0,4,1,1,1,10,2,1,1
634,76.0,4.0,1,2,2,6,9,5,12,9,11,3
635,76.0,5.0,1,2,2,6,9,5,12,9,11,3
636,76.0,6.0,0,0,4,1,1,1,10,2,1,1
637,76.0,7.0,1,2,2,6,9,5,12,9,11,3
638,76.0,8.0,0,0,4,1,1,1,10,0,14,1
639,76.0,9.0,1,2,2,6,9,5,12,9,11,3
640,76.0,10.0,0,0,4,1,1,1,10,0,14,1
641,78.0,1.0,0,1,0,2,0,7,13,6,15,9
642,78.0,2.0,1,2,2,6,9,5,12,11,10,14
643,78.0,3.0,1,2,2,6,9,5,12,11,10,14
644,79.0,1.0,0,1,0,2,0,7,13,15,15,19
645,79.0,2.0,0,1,5,0,5,0,8,12,12,19
646,79.0,3.0,0,1,0,2,0,7,13,6,0,7
647,79.0,4.0,0,1,5,0,5,0,8,12,12,19
648,79.0,5.0,1,3,1,3,2,10,0,13,3,15
649,79.0,6.0,1,1,5,0,5,0,8,12,12,2
650,79.0,7.0,1,1,5,0,5,0,8,12,7,18
651,80.0,1.0,0,0,4,1,1,1,10,2,1,1
652,80.0,2.0,0,0,4,1,1,1,10,2,1,1
653,80.0,3.0,0,0,4,1,1,1,10,2,1,1
654,81.0,1.0,1,2,3,3,3,10,7,13,9,10
655,81.0,2.0,1,1,0,3,6,8,6,5,9,10
656,81.0,3.0,1,1,0,3,6,8,6,5,9,10
657,81.0,4.0,0,0,4,1,1,1,10,2,4,1
658,81.0,5.0,0,1,5,0,5,0,8,12,12,19
659,82.0,1.0,0,0,4,1,1,1,10,2,1,1
660,82.0,2.0,0,0,4,1,1,1,10,2,1,1
661,82.0,3.0,0,0,4,1,1,1,10,2,1,1
662,82.0,4.0,0,0,4,1,1,11,1,0,14,12
663,84.0,1.0,0,0,4,1,1,11,1,0,14,8
664,84.0,2.0,1,3,1,4,7,2,11,3,3,16
665,84.0,3.0,1,3,1,4,7,2,11,3,3,16
666,85.0,1.0,0,0,4,1,1,1,10,2,1,1
667,85.0,2.0,0,0,4,1,1,1,10,2,1,1
668,85.0,3.0,0,0,4,1,1,1,10,2,4,1
669,86.0,1.0,0,0,4,1,1,1,10,2,4,1
670,86.0,2.0,0,0,4,1,1,1,10,2,1,1
671,86.0,3.0,0,0,4,1,1,1,10,2,4,1
672,86.0,4.0,1,1,5,5,5,0,2,4,13,2
673,86.0,5.0,0,0,0,2,1,11,1,0,0,8
674,87.0,1.0,0,0,4,1,1,1,10,2,1,1
675,87.0,2.0,0,0,4,1,1,1,10,2,1,1
676,87.0,3.0,0,0,4,1,1,1,10,2,1,1
677,87.0,4.0,0,0,4,1,1,1,10,2,1,1
678,87.0,5.0,0,0,4,1,1,1,10,2,1,1
679,87.0,6.0,0,0,4,1,1,1,10,2,1,1
680,87.0,7.0,0,0,4,1,1,1,10,2,1,1
681,88.0,1.0,0,0,4,1,1,1,10,2,1,1
682,88.0,2.0,0,0,4,1,1,1,10,2,1,1
683,88.0,3.0,0,0,0,2,6,11,6,5,14,12
684,88.0,4.0,0,0,0,2,6,11,6,5,14,12
685,90.0,1.0,0,0,0,2,0,7,1,0,0,8
686,90.0,2.0,0,0,4,1,1,11,1,0,14,12
687,90.0,3.0,0,0,4,1,1,1,10,2,1,1
688,90.0,4.0,0,0,4,1,1,1,10,2,1,1
689,90.0,5.0,0,0,4,1,0,7,1,0,4,9
690,90.0,6.0,1,1,5,0,5,0,8,12,7,18
691,91.0,1.0,0,0,4,1,1,1,10,2,1,1
692,91.0,2.0,0,0,4,1,1,1,1,0,4,8
693,91.0,3.0,0,0,0,2,1,11,1,0,14,8
694,91.0,4.0,0,0,4,1,1,1,1,0,14,8
695,91.0,5.0,0,0,0,2,6,11,1,0,14,12
696,91.0,6.0,0,0,4,1,1,11,1,0,14,8
697,92.0,1.0,0,0,4,1,1,1,10,2,4,1
698,92.0,2.0,0,0,4,1,1,1,1,0,4,8
699,92.0,3.0,0,0,4,1,1,1,1,2,4,8
700,92.0,4.0,0,0,4,1,1,1,10,2,4,8
701,92.0,5.0,0,0,4,1,1,1,1,0,4,8
702,92.0,6.0,0,0,4,1,1,1,10,2,4,1
703,93.0,1.0,0,0,4,1,1,1,10,2,4,1
704,93.0,2.0,0,0,4,1,1,1,10,2,1,1
705,93.0,3.0,0,0,4,1,1,1,1,0,4,8
706,93.0,4.0,0,0,4,1,1,1,1,0,4,8
707,93.0,5.0,0,0,4,1,1,1,10,2,4,1
708,93.0,6.0,0,0,4,1,1,11,1,0,14,8
709,94.0,1.0,0,0,4,1,1,1,1,0,14,8
710,95.0,1.0,0,0,0,2,1,11,1,0,14,8
711,95.0,2.0,1,1,5,0,0,0,13,4,15,5
712,95.0,3.0,0,0,4,1,1,1,1,0,4,8
713,95.0,4.0,0,1,0,2,6,8,6,5,5,7
714,95.0,5.0,0,0,4,1,1,1,1,0,4,8
715,95.0,6.0,1,1,5,5,5,8,13,4,5,2
716,95.0,7.0,1,3,1,4,7,2,5,3,2,6
717,96.0,1.0,0,0,4,1,1,1,10,2,1,1
718,96.0,2.0,0,0,4,1,1,1,10,2,1,1
719,96.0,3.0,0,0,4,1,1,1,10,2,1,1
720,96.0,4.0,0,0,4,1,1,1,10,2,1,1
721,96.0,5.0,0,0,4,1,1,1,10,2,1,1
722,98.0,1.0,1,2,2,3,3,3,2,1,6,15
723,98.0,2.0,1,1,0,2,6,8,6,5,9,10
724,98.0,3.0,1,2,5,3,3,3,2,1,6,15
725,98.0,4.0,0,1,0,2,6,11,6,5,0,12
726,98.0,5.0,0,1,0,2,6,11,6,5,0,5
727,99.0,1.0,0,0,4,1,1,1,10,2,4,8
728,99.0,2.0,0,0,4,1,1,1,10,2,4,1
729,99.0,3.0,0,0,4,1,1,1,10,2,4,1
730,99.0,4.0,0,0,4,1,1,1,10,2,1,1
731,99.0,5.0,0,0,4,1,1,1,10,2,1,1
732,99.0,6.0,0,0,4,1,1,1,10,2,1,1
733,99.0,7.0,0,0,4,1,1,1,10,2,1,1
734,99.0,8.0,1,2,5,0,3,0,8,12,6,18
735,99.0,9.0,0,0,4,1,1,1,10,2,4,1
736,99.0,10.0,0,0,4,1,1,1,10,2,1,1
737,100.0,1.0,0,0,4,1,1,1,10,2,1,1
738,100.0,2.0,0,0,4,1,1,1,10,2,1,1
739,100.0,3.0,0,0,4,1,1,1,10,2,4,8
